<?xml version="1.0" encoding="UTF-8" standalone="yes"?>
<photographers>
    <photographer name="Jared Polin" primary-camera="Nikon D3X">
        <lenses>
            <lens>Tokina 85mm f1,4</lens>
            <lens>Nikon 35mm f2,0</lens>
        </lenses>
    </photographer>
    <photographer name="Samuel Fosso" primary-camera="Fuji XMount"/>
    <photographer name="Alberto Korda" primary-camera="Canon 7D">
        <lenses>
            <lens>Canon 8mm f2,8</lens>
        </lenses>
    </photographer>
    <photographer name="Yan Greenidge" primary-camera="Sony A290"/>
    <photographer name="Odis Borne" primary-camera="Fuji X100S"/>
    <photographer name="Turla Cowger" primary-camera="Canon 760D"/>
    <photographer name="Delorse Bunge" primary-camera="Sony A300"/>
    <photographer name="Stephaine Smidt" primary-camera="Sony A100"/>
    <photographer name="Antonietta Reza" primary-camera="Nikon D7000">
        <lenses>
            <lens>Nikon 28mm f4,0</lens>
            <lens>Tokina 200mm f2,8</lens>
            <lens>Sigma 125mm f2,0</lens>
        </lenses>
    </photographer>
    <photographer name="Freeda Casimir" primary-camera="Canon 6D">
        <lenses>
            <lens>Tokina 14mm f2,0</lens>
        </lenses>
    </photographer>
    <photographer name="Lajuana Mcclean" primary-camera="Nikon D7200">
        <lenses>
            <lens>Nikon 40mm f2,0</lens>
            <lens>Nikon 350mm f5,6</lens>
            <lens>Nikon 24mm f4,0</lens>
            <lens>Tokina 135mm f2,8</lens>
        </lenses>
    </photographer>
    <photographer name="Annabelle Nimmo" primary-camera="Pentax K-01"/>
    <photographer name="Shiloh Heckert" primary-camera="Nikon D500">
        <lenses>
            <lens>Sigma 30mm f2,4</lens>
            <lens>Nikon 10mm f4,0</lens>
            <lens>Tokina 135mm f2,8</lens>
            <lens>Nikon 28mm f4,0</lens>
        </lenses>
    </photographer>
    <photographer name="Jin Nevitt" primary-camera="Canon 30D">
        <lenses>
            <lens>Sigma 24mm f4,0</lens>
            <lens>Tokina 15mm f2,0</lens>
            <lens>Canon 10mm f3,5</lens>
        </lenses>
    </photographer>
    <photographer name="Allyson Gayman" primary-camera="Fuji XT2"/>
    <photographer name="Tashia Lunsford" primary-camera="Nikon D200">
        <lenses>
            <lens>Nikon 300mm f5,6</lens>
        </lenses>
    </photographer>
    <photographer name="Leontine Breitenbach" primary-camera="Canon 5D">
        <lenses>
            <lens>Tokina 14mm f2,0</lens>
        </lenses>
    </photographer>
    <photographer name="Nam Dinkins" primary-camera="Pentax K110D">
        <lenses>
            <lens>Pentax 135mm f2,8</lens>
        </lenses>
    </photographer>
    <photographer name="Heide Plemmons" primary-camera="Fuji X70">
        <lenses>
            <lens>Sigma 15mm f1,8</lens>
        </lenses>
    </photographer>
    <photographer name="Helena Cahn" primary-camera="Nikon D100">
        <lenses>
            <lens>Sigma 8mm f1,4</lens>
            <lens>Tokina 135mm f2,8</lens>
        </lenses>
    </photographer>
</photographers>
